bangkok	jeh-o-chula-bangkok	FOOD	Jeh O Chula
bangkok	mandarin-oriental-bangkok	ACCOMMODATION	Mandarin Oriental Bangkok
bangkok	the-peninsula-bangkok	ACCOMMODATION	The Peninsula Bangkok
bangkok	capella-bangkok	ACCOMMODATION	Capella Bangkok
bangkok	rosewood-bangkok	ACCOMMODATION	Rosewood Bangkok
bangkok	lub-d-bangkok-siam	ACCOMMODATION	Lub d Bangkok Siam
bangkok	the-yard-hostel-bangkok	ACCOMMODATION	The Yard Hostel Bangkok
bangkok	rambuttri-village-inn-bangkok	ACCOMMODATION	Rambuttri Village Inn
bangkok	sleep-whale-bangkok	ACCOMMODATION	Sleep Whale Bangkok
bangkok	nappark-hostel-bangkok	ACCOMMODATION	NapPark Hostel Bangkok
bangkok	slumber-party-bangkok	ACCOMMODATION	Slumber Party Bangkok
bangkok	hq-hostel-bangkok	ACCOMMODATION	HQ Hostel Bangkok
bangkok	glur-bangkok-hostel	ACCOMMODATION	Glur Bangkok Hostel
bangkok	broccoli-revolution-bangkok	CAFE	Broccoli Revolution
bangkok	roots-coffee-roaster-bangkok	CAFE	Roots Coffee Roaster
bangkok	factory-coffee-bangkok	CAFE	Factory Coffee
bangkok	gaysorn-village-cafe-bangkok	CAFE	Gaysorn Village Cafe
bangkok	ceresia-coffee-roasters-bangkok	CAFE	Ceresia Coffee Roasters
bangkok	the-local-cafe-bangkok	CAFE	The Local Bangkok
bangkok	nahm-restaurant-bangkok	FOOD	Nahm Restaurant
bangkok	or-tor-kor-market-bangkok	FOOD	Or Tor Kor Market Restaurant Row
bangkok	raan-jay-fai-bangkok	FOOD	Raan Jay Fai
bangkok	thipsamai-pad-thai-bangkok	FOOD	Thipsamai Pad Thai
bangkok	gaggan-anand-bangkok	FOOD	Gaggan Anand
bangkok	chatuchak-weekend-market-bangkok	FOOD	Chatuchak Weekend Market
bangkok	asiatique-riverfront-bangkok	FOOD	Asiatique The Riverfront
bangkok	talad-rot-fai-bangkok	FOOD	Talad Rot Fai (Train Market)
bangkok	bang-nam-phueng-floating-market-bangkok	FOOD	Bang Nam Phueng Floating Market
bangkok	yaowarat-chinatown-bangkok	FOOD	Chinatown (Yaowarat) Street Food
bangkok	wat-phra-kaew-grand-palace-bangkok	CULTURE	Wat Phra Kaew (Grand Palace)
bangkok	wat-pho-bangkok	CULTURE	Wat Pho - Temple of the Reclining Buddha
bangkok	wat-arun-bangkok	CULTURE	Wat Arun (Temple of Dawn)
bangkok	jim-thompson-house-bangkok	CULTURE	Jim Thompson House
bangkok	khao-san-road-bangkok	CULTURE	Khao San Road
bangkok	lumphini-park-bangkok	NATURE	Lumphini Park
bangkok	chao-phraya-river-boat-bangkok	CULTURE	Chao Phraya River Boat Tour
bangkok	chatuchak-park-area-bangkok	NATURE	Chatuchak Park & Or Tor Kor
bangkok	moca-bangkok	CULTURE	MOCA Bangkok (Museum of Contemporary Art)
bangkok	banglamphu-old-quarter-bangkok	CULTURE	Banglamphu Old Quarter
bangkok	the-hive-bangkok	COWORKING	The Hive Bangkok
bangkok	hubba-to-coworking-bangkok	COWORKING	HUBBA-TO Coworking
bangkok	paperwork-silom-bangkok	COWORKING	Paperwork Silom
bangkok	mango-coworking-bangkok	COWORKING	Mango Coworking Bangkok
bangkok	garage-society-bangkok	COWORKING	Garage Society Bangkok
bangkok	find-coworking-bangkok	COWORKING	FIND Coworking Bangkok
cebu	marco-polo-plaza-cebu	ACCOMMODATION	Marco Polo Plaza Cebu
cebu	radisson-blu-cebu	ACCOMMODATION	Radisson Blu Hotel Cebu
cebu	crimson-resort-spa-mactan-cebu	ACCOMMODATION	Crimson Resort and Spa Mactan
cebu	plantation-bay-resort-cebu	ACCOMMODATION	Plantation Bay Resort and Spa Cebu
cebu	hotel-elizabeth-cebu	ACCOMMODATION	Hotel Elizabeth Cebu
cebu	be-hotel-cebu	ACCOMMODATION	Be Hotel Cebu
cebu	fuente-pension-house-cebu	ACCOMMODATION	Fuente Pension House Cebu
cebu	castle-peak-hotel-cebu	ACCOMMODATION	Castle Peak Hotel Cebu
cebu	hop-hostel-cebu	ACCOMMODATION	Hop Hostel Cebu
cebu	seagull-hostel-cebu	ACCOMMODATION	Seagull Hostel Cebu
cebu	cebu-backpackers-hostel	ACCOMMODATION	Cebu Backpackers
cebu	greenery-hostel-cebu	ACCOMMODATION	The Greenery Hostel Cebu
cebu	bos-coffee-cebu	CAFE	Bo's Coffee Cebu
cebu	abaca-baking-company-cebu	CAFE	Abaca Baking Company Cebu
cebu	coffee-project-cebu	CAFE	Coffee Project Cebu
cebu	yolk-cafe-cebu	CAFE	Yolk Cafe Cebu
cebu	ground-zero-cafe-cebu	CAFE	Ground Zero Cafe Cebu
cebu	handuraw-pizza-cafe-cebu	CAFE	Handuraw Pizza and Cafe Cebu
cebu	stk-ta-bay-cebu	FOOD	STK ta Bay! Cebu
cebu	abaca-restaurant-cebu	FOOD	Abaca Restaurant Cebu
cebu	lantaw-floating-restaurant-cebu	FOOD	Lantaw Floating Native Restaurant Cebu
cebu	larsian-bbq-cebu	FOOD	Larsian BBQ Street Cebu
cebu	golden-cowrie-cebu	FOOD	Golden Cowrie Cebu
cebu	lab-as-seafood-cebu	FOOD	Lab-as Seafood Restaurant Cebu
cebu	carbon-market-cebu	FOOD	Carbon Market Cebu
cebu	taboan-public-market-cebu	FOOD	Taboan Public Market Cebu
cebu	ayala-center-cebu	FOOD	Ayala Center Cebu
cebu	pasil-fish-market-cebu	FOOD	Pasil Fish Market Cebu
cebu	it-park-food-strip-cebu	FOOD	IT Park Food Strip Cebu
cebu	basilica-del-santo-nino-cebu	CULTURE	Basilica Minore del Santo Nino Cebu
cebu	fort-san-pedro-cebu	CULTURE	Fort San Pedro Cebu
cebu	kawasan-falls-moalboal-cebu	NATURE	Kawasan Falls Moalboal Cebu
cebu	whale-shark-oslob-cebu	NATURE	Whale Shark Encounter Oslob Cebu
cebu	magellans-cross-cebu	CULTURE	Magellan's Cross Cebu
cebu	moalboal-sardines-cebu	NATURE	Moalboal Sardines Run
cebu	heritage-of-cebu-monument	CULTURE	Heritage of Cebu Monument
cebu	tops-lookout-cebu	NATURE	Tops Lookout Cebu
cebu	cebu-ocean-park	CULTURE	Cebu Ocean Park
cebu	ceed-hub-coworking-cebu	COWORKING	CeeD Hub Coworking Cebu
cebu	work-store-coworking-cebu	COWORKING	Work + Store Cebu
cebu	springboard-labs-cebu	COWORKING	Springboard Labs Cebu
cebu	mccwd-business-lounge-cebu	COWORKING	MCCWD Business Lounge Cebu
cebu	beanhere-coworking-cebu	COWORKING	Beanhere Coworking Cebu
cebu	the-loft-coworking-cebu	COWORKING	The Loft Coworking Cebu
cebu	mactan-shrine-cebu	CULTURE	Mactan Shrine Cebu
chengdu	temple-house-chengdu	ACCOMMODATION	The Temple House Chengdu
chengdu	st-regis-chengdu	ACCOMMODATION	St. Regis Chengdu
chengdu	four-seasons-chengdu	ACCOMMODATION	Four Seasons Hotel Chengdu
chengdu	niccolo-chengdu	ACCOMMODATION	Niccolo Chengdu
chengdu	sims-cozy-guesthouse-chengdu	ACCOMMODATION	Sim's Cozy Guesthouse Chengdu
chengdu	lazy-bones-hostel-chengdu	ACCOMMODATION	Lazy Bones Hostel Chengdu
chengdu	chengdu-mix-hostel	ACCOMMODATION	Chengdu Mix Hostel
chengdu	blooming-garden-boutique-hotel-chengdu	ACCOMMODATION	Blooming Garden Boutique Hotel Chengdu
chengdu	dragon-town-youth-hostel-chengdu	ACCOMMODATION	Dragon Town Youth Hostel Chengdu
chengdu	mix-hostel-chengdu-kuanzhai	ACCOMMODATION	Mix Hostel Chengdu Kuanzhai
chengdu	chengdu-traffic-youth-hostel	ACCOMMODATION	Chengdu Traffic Youth Hostel
chengdu	hollys-hostel-chengdu	ACCOMMODATION	Holly's Hostel Chengdu
chengdu	hefa-gastronomique-chengdu	CAFE	Hefa Gastronomique Chengdu
chengdu	jellyfish-art-cafe-chengdu	CAFE	Jellyfish Art and Cafe Chengdu
chengdu	bookworm-chengdu	CAFE	Bookworm Chengdu
chengdu	wuhou-tea-house-chengdu	CAFE	Wuhou Tea House Chengdu
chengdu	renmin-park-tea-garden-chengdu	CAFE	Renmin Park Tea Garden Chengdu
chengdu	kunkun-coffee-chengdu	CAFE	Kunkun Coffee Chengdu
chengdu	chengdu-long-chaoshou-restaurant	FOOD	Chengdu Long Chaoshou Restaurant
chengdu	huang-cheng-lao-ma-hot-pot-chengdu	FOOD	Huang Cheng Lao Ma Hot Pot Chengdu
chengdu	mapo-tofu-restaurant-wangpo-chengdu	FOOD	Mapo Tofu Restaurant Wangpo Chengdu
chengdu	baguobuyi-chengdu	FOOD	Baguobuyi Chengdu
chengdu	mao-jia-restaurant-chengdu	FOOD	Mao Jia Restaurant Chengdu
chengdu	zhi-wei-guan-chengdu	FOOD	Zhi Wei Guan Chengdu
chengdu	jinli-ancient-street-market-chengdu	FOOD	Jinli Ancient Street Market Chengdu
chengdu	kuanzhai-alley-chengdu	FOOD	Kuanzhai Alley Chengdu
chengdu	sichuan-spice-market-chengdu	FOOD	Sichuan Chili and Spice Market Chengdu
chengdu	chunxi-road-shopping-chengdu	FOOD	Chunxi Road Shopping Street Chengdu
chengdu	yulin-night-food-street-chengdu	FOOD	Yulin Market Night Food Street Chengdu
chengdu	giant-panda-base-chengdu	NATURE	Chengdu Research Base of Giant Panda Breeding
chengdu	wuhou-shrine-chengdu	CULTURE	Wuhou Shrine Chengdu
chengdu	dujiangyan-irrigation-system-chengdu	CULTURE	Dujiangyan Irrigation System
chengdu	mount-emei-day-trip-chengdu	NATURE	Mount Emei Day Trip from Chengdu
chengdu	leshan-giant-buddha-chengdu	CULTURE	Leshan Giant Buddha Day Trip
chengdu	sanxingdui-museum-chengdu	CULTURE	Sanxingdui Museum Chengdu
chengdu	sichuan-opera-face-changing-chengdu	CULTURE	Sichuan Opera Face-Changing Show Chengdu
chengdu	qingcheng-mountain-national-park-chengdu	NATURE	Qingcheng Mountain National Park
chengdu	tianfu-square-mao-statue-chengdu	CULTURE	Tianfu Square and Mao Zedong Statue
chengdu	mfg-lab-chengdu	COWORKING	MFG Lab Chengdu
chengdu	garage-cafe-chengdu	COWORKING	Garage Cafe Chengdu
chengdu	wework-chengdu-ifs	COWORKING	WeWork Chengdu IFS
chengdu	regus-chengdu-chunxi	COWORKING	Regus Chengdu Chunxi Road
chengdu	yibai-creative-cowork-chengdu	COWORKING	Yibai Creative Cowork Chengdu
chengdu	chengdu-innovation-center-cowork	COWORKING	Chengdu Innovation Center Cowork
chengdu	jinsha-site-museum-chengdu	CULTURE	Jinsha Site Museum
el-nido	el-nido-resorts-miniloc-island	ACCOMMODATION	El Nido Resorts Miniloc Island
el-nido	el-nido-resorts-lagen-island	ACCOMMODATION	El Nido Resorts Lagen Island
el-nido	pangulasian-island-resort-el-nido	ACCOMMODATION	Pangulasian Island Resort El Nido
el-nido	cauayan-island-resort-el-nido	ACCOMMODATION	Cauayan Island Resort El Nido
el-nido	spin-designer-hostel-el-nido	ACCOMMODATION	Spin Designer Hostel El Nido
el-nido	frendz-resort-el-nido	ACCOMMODATION	Frendz Resort El Nido
el-nido	buena-vida-resort-el-nido	ACCOMMODATION	Buena Vida Resort El Nido
el-nido	arte-hostel-el-nido	ACCOMMODATION	Arte Hostel El Nido
el-nido	imagine-beach-resort-el-nido	ACCOMMODATION	Imagine Beach Resort El Nido
el-nido	el-nido-cove-resort-hostel	ACCOMMODATION	El Nido Cove Resort Hostel
el-nido	backpacker-el-nido-hostel	ACCOMMODATION	Backpacker El Nido Hostel
el-nido	el-rio-y-mar-resort-el-nido	ACCOMMODATION	El Rio y Mar Resort El Nido
el-nido	altrove-caffe-el-nido	CAFE	Altrove Caffe El Nido
el-nido	republica-sunset-bar-el-nido	CAFE	Republica Sunset Bar El Nido
el-nido	bay-bean-coffee-el-nido	CAFE	Bay Bean Coffee El Nido
el-nido	el-nido-boutique-art-cafe	CAFE	El Nido Boutique and Art Cafe
el-nido	happiness-organics-el-nido	CAFE	Happiness Organics El Nido
el-nido	la-plage-bar-el-nido	CAFE	La Plage Bar El Nido
el-nido	tuna-and-tides-el-nido	FOOD	Tuna & Tides El Nido
el-nido	altrove-restaurant-el-nido	FOOD	Altrove Restaurant El Nido
el-nido	tatay-dodge-bbq-el-nido	FOOD	Tatay Dodge BBQ El Nido
el-nido	square-bar-restaurant-el-nido	FOOD	Square Bar and Restaurant El Nido
el-nido	sea-slug-restaurant-el-nido	FOOD	Sea Slug Restaurant El Nido
el-nido	trattoria-rooftop-el-nido	FOOD	Trattoria Altrove El Nido Rooftop
el-nido	el-nido-public-market	FOOD	El Nido Public Market
el-nido	el-nido-night-market	FOOD	El Nido Night Market
el-nido	corong-corong-local-market-el-nido	FOOD	Corong-Corong Local Market
el-nido	palawan-souvenir-alley-el-nido	FOOD	Palawan Souvenir Alley El Nido
el-nido	las-cabanas-sunset-strip-el-nido	FOOD	Las Cabanas Sunset Strip El Nido
el-nido	big-lagoon-el-nido	NATURE	Big Lagoon El Nido
el-nido	small-lagoon-el-nido	NATURE	Small Lagoon El Nido
el-nido	nacpan-beach-el-nido	NATURE	Nacpan Beach El Nido
el-nido	secret-lagoon-el-nido	NATURE	Secret Lagoon El Nido
el-nido	cadlao-lagoon-el-nido	NATURE	Cadlao Lagoon El Nido
el-nido	matinloc-shrine-el-nido	CULTURE	Matinloc Shrine El Nido
el-nido	helicopter-island-el-nido	NATURE	Helicopter Island El Nido
el-nido	palawan-wildlife-rescue-center-el-nido	CULTURE	Palawan Wildlife Rescue Center El Nido
el-nido	lio-beach-el-nido	NATURE	Lio Beach El Nido
el-nido	coworking-el-nido	COWORKING	Coworking El Nido
el-nido	spin-designer-hostel-cowork-el-nido	COWORKING	Spin Designer Hostel Cowork El Nido
el-nido	lio-business-hub-el-nido	COWORKING	Lio Tourism Estate Business Hub
el-nido	beach-hub-el-nido	COWORKING	The Beach Hub El Nido
el-nido	nomads-paradise-el-nido	COWORKING	Nomads Paradise El Nido
el-nido	remote-year-hub-el-nido	COWORKING	Remote Year El Nido Hub
el-nido	twin-lagoon-coron-el-nido	NATURE	Twin Lagoon Coron Day Trip El Nido
guilin	zen-garden-guesthouse	ACCOMMODATION	Zen Garden Guesthouse
guilin	beds-and-bars-guilin	ACCOMMODATION	Guilin Mix Hostel
guilin	phoenix-hostel-guilin	ACCOMMODATION	Phoenix Hostel Guilin
guilin	blue-sky-hostel-guilin	ACCOMMODATION	Blue Sky Hostel
guilin	downtown-inn-guilin	ACCOMMODATION	Downtown Inn Guilin
guilin	karst-coffee-guilin	CAFE	Karst Coffee
guilin	riverside-brew-guilin	CAFE	Riverside Brew Cafe
guilin	tea-house-guilin-old-town	CAFE	Old Town Tea House
guilin	bookworm-cafe-guilin	CAFE	The Bookworm Cafe
guilin	sugar-and-spice-guilin	CAFE	Sugar and Spice Bakery Cafe
guilin	yulong-river-coffee	CAFE	Yulong River Coffee
guilin	guilin-rice-noodle-house	FOOD	Guilin Rice Noodle House
guilin	impression-liu-sanjie-restaurant	FOOD	Lijiang Restaurant
guilin	yangshuo-beer-fish-spot	FOOD	West Street Beer Fish Restaurant
guilin	osmanthus-pavilion-guilin	FOOD	Osmanthus Pavilion
guilin	street-snacks-zhengyang	FOOD	Zhengyang Street Night Food Strip
guilin	minority-food-court-guilin	FOOD	Zhuang Minority Food Court
guilin	guilin-nightmarket	FOOD	Guilin Night Market
guilin	zhengyang-pedestrian-market	FOOD	Zhengyang Pedestrian Market
guilin	guilin-arts-crafts-market	FOOD	Guilin Arts & Crafts Market
guilin	yangshuo-street-market	FOOD	Yangshuo Country Market
guilin	guilin-tea-market	FOOD	Guilin Tea Market
guilin	li-river-cruise	NATURE	Li River Cruise
guilin	ronghu-work-lounge	COWORKING	Ronghu Work Lounge
guilin	reed-flute-cave	CULTURE	Reed Flute Cave
guilin	elephant-trunk-hill	NATURE	Elephant Trunk Hill
guilin	jingjiang-prince-city	CULTURE	Jingjiang Prince City
guilin	seven-star-park	NATURE	Seven Star Park
guilin	yangshuo-countryside	NATURE	Yangshuo Countryside Cycling
guilin	longji-rice-terraces	NATURE	Longji Rice Terraces
guilin	moon-hill-yangshuo	NATURE	Moon Hill
guilin	guilin-two-rivers-four-lakes	NATURE	Two Rivers and Four Lakes
guilin	guilin-sun-moon-twin-pagodas	CULTURE	Sun and Moon Twin Pagodas
guilin	guilin-bravo-hotel	ACCOMMODATION	Guilin Bravo Hotel
guilin	sheraton-guilin-hotel	ACCOMMODATION	Sheraton Guilin Hotel
guilin	karst-hub-guilin	COWORKING	Karst Hub
guilin	lijiang-waterfall-hotel	ACCOMMODATION	Lijiang Waterfall Hotel
guilin	west-street-co-yangshuo	COWORKING	West Street Co
guilin	guilin-maker-space	COWORKING	Guilin Maker Space
guilin	guilin-royal-garden-hotel	ACCOMMODATION	Guilin Royal Garden Hotel
guilin	guilin-park-hotel	ACCOMMODATION	Guilin Park Hotel
guilin	ninyou-boutique-hotel	ACCOMMODATION	Ninyou Boutique Hotel
guilin	guilin-city-inn	ACCOMMODATION	Guilin City Inn
guilin	guilin-creative-lab	COWORKING	Guilin Creative Lab
guilin	karst-valley-remote-office	COWORKING	Karst Valley Remote Office
ho-chi-minh-city	park-hyatt-saigon	ACCOMMODATION	Park Hyatt Saigon
ho-chi-minh-city	reverie-saigon-hcmc	ACCOMMODATION	Reverie Saigon
ho-chi-minh-city	hotel-des-arts-saigon	ACCOMMODATION	Hotel des Arts Saigon
ho-chi-minh-city	sofitel-saigon-plaza	ACCOMMODATION	Sofitel Saigon Plaza
ho-chi-minh-city	saigon-backpacker-hostel-central	ACCOMMODATION	Saigon Backpacker Hostel - Central
ho-chi-minh-city	glow-saigon-hotel	ACCOMMODATION	Glow Saigon Hotel
ho-chi-minh-city	the-common-room-project-hcmc	ACCOMMODATION	The Common Room Project
ho-chi-minh-city	bui-vien-walking-street-hotel-hcmc	ACCOMMODATION	Bui Vien Walking Street Hotel
ho-chi-minh-city	long-hostel-saigon	ACCOMMODATION	Long Hostel Saigon
ho-chi-minh-city	hideout-hostel-saigon	ACCOMMODATION	Hideout Hostel Saigon
ho-chi-minh-city	onetrip-hostel-saigon	ACCOMMODATION	Onetrip Hostel Saigon
ho-chi-minh-city	the-mix-hostel-saigon	ACCOMMODATION	The Mix Hostel Saigon
ho-chi-minh-city	the-refinery-hcmc	CAFE	The Refinery
ho-chi-minh-city	saigon-oi-cafe-hcmc	CAFE	Saigon Oi
ho-chi-minh-city	bosgaurus-coffee-hcmc	CAFE	Bosgaurus Coffee
ho-chi-minh-city	cong-caphe-saigon	CAFE	Cong Caphe Saigon
ho-chi-minh-city	oromia-coffee-hcmc	CAFE	Oromia Coffee
ho-chi-minh-city	cafe-apartment-hcmc	CAFE	Cafe Apartment
ho-chi-minh-city	nha-hang-ngon-hcmc	FOOD	Nha Hang Ngon
ho-chi-minh-city	banh-mi-huynh-hoa-hcmc	FOOD	Banh Mi Huynh Hoa
ho-chi-minh-city	oc-dao-restaurant-hcmc	FOOD	Oc Dao Restaurant
ho-chi-minh-city	the-deck-saigon-hcmc	FOOD	The Deck Saigon
ho-chi-minh-city	pho-hung-hcmc	FOOD	Pho Hung
ho-chi-minh-city	quan-bui-garden-restaurant-hcmc	FOOD	Quan Bui Garden Restaurant
ho-chi-minh-city	ben-thanh-market-hcmc	FOOD	Ben Thanh Market
ho-chi-minh-city	cho-binh-tay-market-hcmc	FOOD	Cho Binh Tay Market
ho-chi-minh-city	thao-dien-night-market-hcmc	FOOD	Thao Dien Night Market
ho-chi-minh-city	cholon-chinatown-hcmc	FOOD	Cho Lon (Chinatown) Street Food
ho-chi-minh-city	bui-vien-night-market-hcmc	FOOD	Bui Vien Walking Street Night Market
ho-chi-minh-city	war-remnants-museum-hcmc	CULTURE	War Remnants Museum
ho-chi-minh-city	cu-chi-tunnels-hcmc	CULTURE	Cu Chi Tunnels
ho-chi-minh-city	reunification-palace-hcmc	CULTURE	Reunification Palace
ho-chi-minh-city	notre-dame-cathedral-hcmc	CULTURE	Notre-Dame Cathedral Basilica of Saigon
ho-chi-minh-city	jade-emperor-pagoda-hcmc	CULTURE	Jade Emperor Pagoda
ho-chi-minh-city	nguyen-hue-walking-street-hcmc	CULTURE	Nguyen Hue Walking Street
ho-chi-minh-city	mekong-delta-day-trip-hcmc	NATURE	Mekong Delta Day Trip
ho-chi-minh-city	thien-hau-temple-hcmc	CULTURE	Thien Hau Temple - Cho Lon
ho-chi-minh-city	bui-vien-nightlife-hcmc	NIGHTLIFE	Bui Vien Street Nightlife
ho-chi-minh-city	saigon-skydeck-bitexco	CULTURE	Saigon Skydeck (Bitexco Tower)
ho-chi-minh-city	toong-coworking-hcmc	COWORKING	Toong Coworking HCMC
ho-chi-minh-city	dreamplex-coworking-saigon	COWORKING	Dreamplex Coworking Saigon
ho-chi-minh-city	kafnu-saigon-hcmc	COWORKING	Kafnu Saigon
ho-chi-minh-city	up-coworking-hcmc	COWORKING	UP Coworking HCMC
ho-chi-minh-city	circo-coworking-saigon	COWORKING	Circo Coworking Saigon
ho-chi-minh-city	wework-hcmc	COWORKING	WE Work HCMC
koh-tao	koh-tao-resort-hostel	ACCOMMODATION	Koh Tao Resort Hostel
koh-tao	papa-koh-tao-hostel	ACCOMMODATION	Papa Koh Tao Hostel
koh-tao	six-senses-samui-koh-tao	ACCOMMODATION	Six Senses Samui
koh-tao	jamahkiri-resort-spa-koh-tao	ACCOMMODATION	Jamahkiri Resort and Spa Koh Tao
koh-tao	dusit-buncha-resort-koh-tao	ACCOMMODATION	Dusit Buncha Resort Koh Tao
koh-tao	haad-tien-beach-club-koh-tao	ACCOMMODATION	Haad Tien Beach Club Koh Tao
koh-tao	in-touch-resort-koh-tao	ACCOMMODATION	In Touch Resort Koh Tao
koh-tao	the-place-leisure-resort-koh-tao	ACCOMMODATION	The Place Leisure & Resort Koh Tao
koh-tao	seashell-resort-koh-tao	ACCOMMODATION	Seashell Resort Koh Tao
koh-tao	blue-heaven-bungalows-koh-tao	ACCOMMODATION	Blue Heaven Bungalows Koh Tao
koh-tao	sairee-cottage-diving-resort-koh-tao	ACCOMMODATION	Sairee Cottage Diving Resort
koh-tao	monsoon-hostel-koh-tao	ACCOMMODATION	Monsoon Hostel Koh Tao
koh-tao	barracuda-restaurant-bar-koh-tao	CAFE	Barracuda Restaurant and Bar Koh Tao
koh-tao	whitening-bar-koh-tao	CAFE	Whitening Bar Koh Tao
koh-tao	caffeine-addiction-koh-tao	CAFE	Caffeine Addiction Koh Tao
koh-tao	gallery-art-cafe-koh-tao	CAFE	Gallery Koh Tao Art Cafe
koh-tao	safety-stop-pub-koh-tao	CAFE	Safety Stop Pub Koh Tao
koh-tao	breakfast-koh-tao	CAFE	Breakfast Koh Tao
koh-tao	koh-tao-cabana-restaurant	FOOD	Koh Tao Cabana Restaurant
koh-tao	castle-restaurant-koh-tao	FOOD	Castle Restaurant Koh Tao
koh-tao	farango-koh-tao	FOOD	Farango Koh Tao
koh-tao	choppers-bar-grill-koh-tao	FOOD	Chopper's Bar and Grill Koh Tao
koh-tao	zest-cafe-koh-tao	FOOD	Zest Cafe Koh Tao
koh-tao	pranees-kitchen-koh-tao	FOOD	Pranee's Kitchen Koh Tao
koh-tao	mae-haad-pier-market-koh-tao	FOOD	Mae Haad Pier Market Koh Tao
koh-tao	sairee-night-food-market-koh-tao	FOOD	Sairee Night Food Market Koh Tao
koh-tao	chalok-ban-kao-village-market-koh-tao	FOOD	Chalok Ban Kao Village Market
koh-tao	zero-waste-market-koh-tao	FOOD	Zero Waste Market Koh Tao
koh-tao	dive-equipment-market-koh-tao	FOOD	Dive Equipment Market Koh Tao
koh-tao	chumphon-pinnacle-koh-tao	NATURE	Chumphon Pinnacle Koh Tao
koh-tao	htms-sattakut-wreck-koh-tao	NATURE	HTMS Sattakut Wreck Dive
koh-tao	tanote-bay-koh-tao	NATURE	Tanote Bay Koh Tao
koh-tao	shark-bay-koh-tao	NATURE	Shark Bay (Thian Og Bay) Koh Tao
koh-tao	koh-nang-yuan-koh-tao	NATURE	Koh Nang Yuan Island Koh Tao
koh-tao	sairee-beach-koh-tao	NATURE	Sairee Beach Koh Tao
koh-tao	john-suwan-viewpoint-koh-tao	NATURE	Koh Tao Viewpoint (John-Suwan Viewpoint)
koh-tao	reef-conservation-koh-tao	CULTURE	Reef Conservation Koh Tao
koh-tao	koh-tao-leisure-park	CULTURE	Koh Tao Leisure Park
koh-tao	koh-tao-coworking-space	COWORKING	Koh Tao Coworking Space
koh-tao	deep-blue-dive-work-koh-tao	COWORKING	Deep Blue Dive and Work Koh Tao
koh-tao	ocean-view-workspace-koh-tao	COWORKING	Ocean View Workspace Koh Tao
koh-tao	island-lab-koh-tao	COWORKING	The Island Lab Koh Tao
koh-tao	nomad-island-koh-tao-cowork	COWORKING	Nomad Island Koh Tao Cowork
koh-tao	sairee-digital-hub-koh-tao	COWORKING	Sairee Digital Hub Koh Tao
koh-tao	japanese-garden-dive-site-koh-tao	NATURE	Japanese Garden Dive Site Koh Tao
kuala-lumpur	mandarin-oriental-kuala-lumpur	ACCOMMODATION	Mandarin Oriental Kuala Lumpur
kuala-lumpur	the-ruma-hotel-kuala-lumpur	ACCOMMODATION	The Ruma Hotel Kuala Lumpur
kuala-lumpur	four-seasons-kuala-lumpur	ACCOMMODATION	Four Seasons Hotel Kuala Lumpur
kuala-lumpur	alila-bangsar-kuala-lumpur	ACCOMMODATION	Alila Bangsar Kuala Lumpur
kuala-lumpur	chambers-kuala-lumpur	ACCOMMODATION	Chambers Kuala Lumpur
kuala-lumpur	regency-heritage-hotel-kl	ACCOMMODATION	The Regency Heritage Hotel KL
kuala-lumpur	explorean-hotel-kl	ACCOMMODATION	The Explorean Hotel KL
kuala-lumpur	backpacker-kl-hostel	ACCOMMODATION	Backpacker KL Hostel
kuala-lumpur	reggae-mansion-kl	ACCOMMODATION	Reggae Mansion KL
kuala-lumpur	matic-hostel-kl	ACCOMMODATION	Matic Hostel KL
kuala-lumpur	mingle-hostel-kuala-lumpur	ACCOMMODATION	Mingle Hostel Kuala Lumpur
kuala-lumpur	penthouse-on-34-kl	ACCOMMODATION	Penthouse on 34 KL
kuala-lumpur	vcr-cafe-kuala-lumpur	CAFE	VCR Cafe Kuala Lumpur
kuala-lumpur	pulp-by-papa-palheta-kl	CAFE	Pulp by Papa Palheta KL
kuala-lumpur	merchants-lane-kl	CAFE	Merchant's Lane KL
kuala-lumpur	feeka-coffee-roasters-kl	CAFE	Feeka Coffee Roasters KL
kuala-lumpur	butter-beans-kl	CAFE	Butter + Beans KL
kuala-lumpur	the-good-batch-kl	CAFE	The Good Batch KL
kuala-lumpur	dewakan-restaurant-kl	FOOD	Dewakan Restaurant KL
kuala-lumpur	jalan-alor-street-food-kl	FOOD	Jalan Alor Street Food KL
kuala-lumpur	bijan-restaurant-kl	FOOD	Bijan Restaurant KL
kuala-lumpur	nasi-kandar-pelita-kl	FOOD	Nasi Kandar Pelita KL
kuala-lumpur	bunga-raya-restaurant-kl	FOOD	Bunga Raya Restaurant KL
kuala-lumpur	lai-ching-yuen-kl	FOOD	Lai Ching Yuen Chinese Restaurant KL
kuala-lumpur	petaling-street-chinatown-kl	FOOD	Petaling Street Chinatown KL
kuala-lumpur	bangsar-sunday-market-kl	FOOD	Bangsar Sunday Market KL
kuala-lumpur	pasar-seni-central-market-kl	FOOD	Pasar Seni (Central Market) KL
kuala-lumpur	bazaar-ramadan-kampung-baru-kl	FOOD	Bazaar Ramadan Kampung Baru KL
kuala-lumpur	imbi-market-kl	FOOD	Imbi Market (Pasar Imbi) KL
kuala-lumpur	petronas-twin-towers-kl	CULTURE	Petronas Twin Towers
kuala-lumpur	batu-caves-kl	CULTURE	Batu Caves KL
kuala-lumpur	menara-kl-tower	CULTURE	KL Tower (Menara KL)
kuala-lumpur	islamic-arts-museum-kl	CULTURE	Islamic Arts Museum KL
kuala-lumpur	klcc-park-kl	NATURE	KLCC Park KL
kuala-lumpur	merdeka-square-kl	CULTURE	Merdeka Square KL
kuala-lumpur	national-museum-kl	CULTURE	National Museum KL
kuala-lumpur	aquaria-klcc	CULTURE	Aquaria KLCC
kuala-lumpur	thean-hou-temple-kl	CULTURE	Thean Hou Temple KL
kuala-lumpur	frim-kuala-lumpur	NATURE	Forest Research Institute Malaysia (FRIM)
kuala-lumpur	common-ground-kl-sentral	COWORKING	Common Ground KL Sentral
kuala-lumpur	colony-klcc-coworking	COWORKING	Colony KLCC Coworking
kuala-lumpur	paperfold-coworking-kl	COWORKING	Paperfold Coworking KL
kuala-lumpur	timezone-coworking-kl	COWORKING	Timezone Coworking KL
kuala-lumpur	impact-hub-kl	COWORKING	Impact Hub KL
kuala-lumpur	mindspace-kl	COWORKING	Mindspace KL
luang-prabang	mekong-cowork-luang-prabang	COWORKING	Mekong Cowork Luang Prabang
luang-prabang	amantaka-luang-prabang	ACCOMMODATION	Amantaka Luang Prabang
luang-prabang	rosewood-luang-prabang	ACCOMMODATION	Rosewood Luang Prabang
luang-prabang	belmond-la-residence-phou-vao-luang-prabang	ACCOMMODATION	Belmond La Residence Phou Vao
luang-prabang	luang-say-residence-luang-prabang	ACCOMMODATION	The Luang Say Residence
luang-prabang	apsara-hotel-luang-prabang	ACCOMMODATION	The Apsara Hotel Luang Prabang
luang-prabang	maison-dalabua-luang-prabang	ACCOMMODATION	Maison Dalabua Luang Prabang
luang-prabang	satri-house-luang-prabang	ACCOMMODATION	Satri House Luang Prabang
luang-prabang	sayo-guest-house-luang-prabang	ACCOMMODATION	Sayo Guest House Luang Prabang
luang-prabang	spicy-lao-hostel-luang-prabang	ACCOMMODATION	Spicy Lao Hostel Luang Prabang
luang-prabang	nuwara-hostel-luang-prabang	ACCOMMODATION	Nuwara Hostel Luang Prabang
luang-prabang	pak-up-hostel-luang-prabang	ACCOMMODATION	Pak Up Hostel Luang Prabang
luang-prabang	hybrid-hostel-luang-prabang	ACCOMMODATION	Hybrid Hostel Luang Prabang
luang-prabang	joma-bakery-cafe-luang-prabang	CAFE	Joma Bakery Cafe Luang Prabang
luang-prabang	le-banneton-cafe-luang-prabang	CAFE	Le Banneton Cafe Luang Prabang
luang-prabang	saffron-coffee-luang-prabang	CAFE	Saffron Coffee Luang Prabang
luang-prabang	cafe-toui-luang-prabang	CAFE	Cafe Toui Luang Prabang
luang-prabang	pierre-noel-cafe-luang-prabang	CAFE	Pierre Noel Cafe Luang Prabang
luang-prabang	utopia-cafe-luang-prabang	CAFE	Utopia Bar and Cafe Luang Prabang
luang-prabang	tamarind-restaurant-luang-prabang	FOOD	Tamarind Restaurant Luang Prabang
luang-prabang	manda-de-laos-restaurant-luang-prabang	FOOD	Manda de Laos Restaurant
luang-prabang	dyen-sabai-luang-prabang	FOOD	Dyen Sabai Luang Prabang
luang-prabang	xieng-thong-noodle-shop-luang-prabang	FOOD	Xieng Thong Noodle Shop
luang-prabang	tangor-restaurant-luang-prabang	FOOD	Tangor Restaurant Luang Prabang
luang-prabang	nisha-indian-restaurant-luang-prabang	FOOD	Nisha Indian Restaurant Luang Prabang
luang-prabang	lelephant-restaurant-luang-prabang	FOOD	L'Elephant Restaurant Luang Prabang
luang-prabang	luang-prabang-night-market	FOOD	Luang Prabang Night Market
luang-prabang	phosi-morning-market-luang-prabang	FOOD	Phosi Morning Market Luang Prabang
luang-prabang	hmong-market-luang-prabang	FOOD	Hmong Market Luang Prabang
luang-prabang	talat-dala-market-luang-prabang	FOOD	Talat Dala Market Luang Prabang
luang-prabang	organic-farm-stand-luang-prabang	FOOD	Luang Prabang Organic Farm Stand
luang-prabang	wat-xieng-thong-temple-luang-prabang	CULTURE	Wat Xieng Thong Temple
luang-prabang	tak-bat-alms-giving-luang-prabang	CULTURE	Tak Bat Alms Giving Ceremony
luang-prabang	kuang-si-waterfall-luang-prabang	NATURE	Kuang Si Waterfall
luang-prabang	mount-phousi-luang-prabang	NATURE	Mount Phousi
luang-prabang	royal-palace-museum-luang-prabang	CULTURE	Royal Palace Museum Luang Prabang
luang-prabang	taec-textile-museum-luang-prabang	CULTURE	TAEC Textile Museum Luang Prabang
luang-prabang	pak-ou-caves-luang-prabang	CULTURE	Pak Ou Caves
luang-prabang	pha-tad-ke-botanical-garden-luang-prabang	NATURE	Pha Tad Ke Botanical Garden
luang-prabang	wat-visunnalat-luang-prabang	CULTURE	Wat Visunnalat & That Makmo
luang-prabang	tad-sae-waterfall-luang-prabang	NATURE	Tad Sae Waterfall
luang-prabang	nomad-coworking-luang-prabang	COWORKING	Nomad Coworking Luang Prabang
luang-prabang	saffron-workspace-luang-prabang	COWORKING	The Saffron Workspace Luang Prabang
luang-prabang	lao-works-coworking-luang-prabang	COWORKING	Lao Works Coworking
luang-prabang	heritage-quarter-coworking-luang-prabang	COWORKING	Heritage Quarter Coworking
luang-prabang	bamboo-nomad-hub-luang-prabang	COWORKING	Bamboo Nomad Hub Luang Prabang
pai	belle-villa-resort-pai	ACCOMMODATION	Belle Villa Resort Pai
pai	reverie-siam-resort-pai	ACCOMMODATION	Reverie Siam Resort Pai
pai	pai-treehouse-luxury-resort	ACCOMMODATION	Pai Treehouse Luxury Resort
pai	pai-village-boutique-resort	ACCOMMODATION	Pai Village Boutique Resort
pai	baan-krating-pai-resort	ACCOMMODATION	Baan Krating Pai Resort
pai	pai-nai-suan-garden-resort	ACCOMMODATION	Pai Nai Suan Garden Resort
pai	mountain-blue-house-pai	ACCOMMODATION	Mountain Blue House Pai
pai	lucky-guesthouse-pai	ACCOMMODATION	Lucky Guesthouse Pai
pai	pai-hostel	ACCOMMODATION	Pai Hostel
pai	in-the-mood-for-love-pai	ACCOMMODATION	In The Mood For Love Guesthouse Pai
pai	charlies-guesthouse-pai	ACCOMMODATION	Charlie's Guesthouse Pai
pai	baan-toong-tent-camping-pai	ACCOMMODATION	Baan Toong Tent Camping Pai
pai	witching-well-cafe-pai	CAFE	Witching Well Cafe Pai
pai	art-in-chai-pai	CAFE	Art in Chai Pai
pai	naughty-boy-coffee-pai	CAFE	Naughty Boy Coffee Pai
pai	own-time-cafe-pai	CAFE	Own Time Cafe Pai
pai	river-corner-cafe-pai	CAFE	River Corner Cafe Pai
pai	baandam-coffee-pai	CAFE	Baandam Coffee Pai
pai	edible-jazz-pai	FOOD	Edible Jazz Pai
pai	mama-falafel-pai	FOOD	Mama Falafel Pai
pai	big-brother-burgers-pai	FOOD	Big Brother Burgers Pai
pai	nas-kitchen-pai	FOOD	Na's Kitchen Pai
pai	all-about-coffee-more-pai	FOOD	All About Coffee and More Pai
pai	amido-italian-restaurant-pai	FOOD	Amido Italian Restaurant Pai
pai	pai-walking-street-market	FOOD	Pai Walking Street Market
pai	pai-morning-market	FOOD	Pai Morning Market
pai	pai-saturday-market	FOOD	Pai Saturday Market
pai	pai-fruits-snacks-alley	FOOD	Pai Fruits and Snacks Alley
pai	hill-tribe-arts-crafts-market-pai	FOOD	Hill Tribe Arts and Crafts Market Pai
pai	pai-canyon-kong-lan	NATURE	Pai Canyon (Kong Lan)
pai	pai-hot-springs	NATURE	Pai Hot Springs
pai	mor-paeng-waterfall-pai	NATURE	Mor Paeng Waterfall Pai
pai	wat-phra-that-mae-yen-pai	CULTURE	Wat Phra That Mae Yen (White Buddha) Pai
pai	shan-village-homestay-pai	CULTURE	Shan Village Home Stay Pai
pai	pai-river-rafting	NATURE	Pai River Rafting
pai	pai-memorial-bridge	CULTURE	Pai Memorial Bridge
pai	chinese-village-ban-santichon-pai	CULTURE	Chinese Village (Ban Santichon) Pai
pai	land-split-pai	NATURE	Land Split (Wua Laen) Pai
pai	pai-nomads-coworking	COWORKING	Pai Nomads Coworking
pai	pai-slow-life-workspace	COWORKING	Pai Slow Life Workspace
pai	mountain-work-hub-pai	COWORKING	Mountain Work Hub Pai
pai	chill-work-cafe-pai	COWORKING	Chill Work Cafe Pai
pai	digital-nomad-pai-community-space	COWORKING	Digital Nomad Pai Community Space
pai	green-hub-coworking-pai	COWORKING	Green Hub Coworking Pai
pai	pai-valley-viewpoint	NATURE	Pai Valley Viewpoint
penang	eastern-oriental-hotel-penang	ACCOMMODATION	Eastern & Oriental Hotel Penang
penang	prestige-hotel-penang	ACCOMMODATION	Prestige Hotel Penang
penang	shangri-la-rasa-sayang-penang	ACCOMMODATION	Shangri-La Rasa Sayang Penang
penang	seven-terraces-penang	ACCOMMODATION	Seven Terraces Penang
penang	ryokan-muntri-penang	ACCOMMODATION	Ryokan Muntri Penang
penang	edison-george-town-penang	ACCOMMODATION	The Edison George Town Penang
penang	hotel-penaga-penang	ACCOMMODATION	Hotel Penaga Penang
penang	roomies-george-town-penang	ACCOMMODATION	Roomies George Town Penang
penang	yeng-keng-hotel-penang	ACCOMMODATION	Yeng Keng Hotel Penang
penang	reggae-mansion-penang	ACCOMMODATION	Reggae Mansion George Town Penang
penang	jalan-jalan-guesthouse-penang	ACCOMMODATION	Jalan Jalan Guesthouse Penang
penang	penang-backpacker-hostel	ACCOMMODATION	Penang Backpacker Hostel
penang	vcr-cafe-penang	CAFE	VCR Penang
penang	china-house-penang	CAFE	China House Penang
penang	ome-by-spacebar-penang	CAFE	Ome by Spacebar Penang
penang	mugshot-cafe-penang	CAFE	Mugshot Cafe Penang
penang	narrow-marrow-penang	CAFE	Narrow Marrow Penang
penang	lof10-coffeebar-penang	CAFE	Lof10 Coffeebar Penang
penang	kebaya-restaurant-penang	FOOD	Kebaya Restaurant Penang
penang	hameediyah-restaurant-penang	FOOD	Hameediyah Restaurant Penang
penang	teksen-restaurant-penang	FOOD	Teksen Restaurant Penang
penang	lorong-baru-hawker-centre-penang	FOOD	Lorong Baru Hawker Centre Penang
penang	sri-ananda-bahwan-restaurant-penang	FOOD	Sri Ananda Bahwan Restaurant Penang
penang	auntie-gaik-leans-penang	FOOD	Auntie Gaik Lean's Old School Eatery
penang	chowrasta-market-penang	FOOD	Chowrasta Market Penang
penang	gurney-drive-hawker-centre-penang	FOOD	Gurney Drive Hawker Centre Penang
penang	penang-night-market-pasar-malam	FOOD	Penang Night Market (Pasar Malam)
penang	batu-ferringhi-night-market-penang	FOOD	Batu Ferringhi Night Market
penang	little-india-penang	FOOD	Little India Penang
penang	george-town-street-art-penang	CULTURE	George Town UNESCO Street Art
penang	khoo-kongsi-penang	CULTURE	Khoo Kongsi Clan House Penang
penang	pinang-peranakan-mansion-penang	CULTURE	Pinang Peranakan Mansion Penang
penang	penang-hill-penang	NATURE	Penang Hill (Bukit Bendera)
penang	sri-mahamariamman-temple-penang	CULTURE	Sri Mahamariamman Temple Penang
penang	clan-jetties-penang	CULTURE	Clan Jetties of Penang
penang	tropical-spice-garden-penang	NATURE	Tropical Spice Garden Penang
penang	kek-lok-si-temple-penang	CULTURE	Kek Lok Si Temple Penang
penang	penang-national-park	NATURE	Penang National Park
penang	batik-boutique-gallery-penang	CULTURE	Batik Boutique Gallery Penang
penang	common-ground-penang	COWORKING	Common Ground Penang
penang	ourspace-coworking-penang	COWORKING	Ourspace Coworking Penang
penang	penang-digital-library-coworking	COWORKING	Penang Digital Library Coworking
penang	gravity-coworking-penang	COWORKING	Gravity Coworking Penang
penang	the-hub-penang	COWORKING	The Hub Penang
penang	workhaus-penang	COWORKING	Workhaus Penang
phuket	amanpuri-phuket	ACCOMMODATION	Amanpuri Phuket
phuket	trisara-phuket	ACCOMMODATION	Trisara Phuket
phuket	rosewood-phuket	ACCOMMODATION	Rosewood Phuket
phuket	pavilions-phuket	ACCOMMODATION	Pavilions Phuket
phuket	memory-at-on-on-hotel-phuket	ACCOMMODATION	The Memory at On On Hotel Phuket
phuket	phuket-heritage-hotel	ACCOMMODATION	Phuket Heritage Hotel
phuket	kalima-resort-spa-patong	ACCOMMODATION	Kalima Resort and Spa Patong
phuket	old-phuket-town-hostel	ACCOMMODATION	Old Phuket Town Hostel
phuket	lub-d-phuket-patong	ACCOMMODATION	Lub d Phuket Patong
phuket	phuket-old-town-hostel	ACCOMMODATION	Phuket Old Town Hostel
phuket	slumber-party-hostel-phuket	ACCOMMODATION	Slumber Party Hostel Phuket
phuket	mad-monkey-phuket	ACCOMMODATION	Mad Monkey Phuket
phuket	torrys-ice-cream-phuket	CAFE	Torry's Ice Cream Phuket
phuket	kopitiam-phuket	CAFE	Kopitiam Phuket
phuket	cherngtalay-artisan-coffee-phuket	CAFE	Cherngtalay Artisan Coffee Phuket
phuket	two-black-sheep-cafe-phuket	CAFE	Two Black Sheep Cafe Phuket
phuket	naughty-nuris-phuket	CAFE	Naughty Nuri's Phuket
phuket	ka-jok-see-phuket	CAFE	Ka Jok See Restaurant and Bar Phuket
phuket	pru-restaurant-phuket	FOOD	PRU Restaurant Phuket
phuket	suay-restaurant-phuket	FOOD	Suay Restaurant Phuket
phuket	roti-talay-phuket	FOOD	Roti Talay Phuket
phuket	kan-eang-2-restaurant-phuket	FOOD	Kan Eang 2 Restaurant Phuket
phuket	laem-hin-seafood-phuket	FOOD	Laem Hin Seafood Phuket
phuket	bampot-kitchen-phuket	FOOD	Bampot Kitchen Phuket
phuket	phuket-indy-weekend-market	FOOD	Phuket Weekend Market (Indy Market)
phuket	phuket-town-sunday-walking-street	FOOD	Phuket Town Sunday Walking Street
phuket	malin-plaza-night-market-patong	FOOD	Malin Plaza Night Market Patong
phuket	banzaan-fresh-market-phuket	FOOD	Banzaan Fresh Market Phuket
phuket	naka-weekend-market-phuket	FOOD	Naka Weekend Market Phuket
phuket	phuket-old-town-heritage-zone	CULTURE	Phuket Old Town Heritage Zone
phuket	big-buddha-phuket	CULTURE	Big Buddha Phuket
phuket	phang-nga-bay-phuket	NATURE	Phang Nga Bay Day Trip
phuket	patong-beach-phuket	NATURE	Patong Beach Phuket
phuket	wat-chalong-phuket	CULTURE	Wat Chalong Phuket
phuket	promthep-cape-phuket	NATURE	Promthep Cape Phuket
phuket	surin-beach-phuket	NATURE	Surin Beach and Millionaires Row Phuket
phuket	karon-viewpoint-phuket	NATURE	Karon Viewpoint Phuket
phuket	phuket-aquarium	CULTURE	Phuket Aquarium
phuket	hubba-phuket-coworking	COWORKING	HUBBA Phuket Coworking
phuket	phuket-working-space	COWORKING	Phuket Working Space
phuket	sandbox-coworking-phuket	COWORKING	Sandbox Coworking Phuket
phuket	digital-nomad-phuket-hub	COWORKING	Digital Nomad Phuket Hub
phuket	kata-center-cowork-phuket	COWORKING	Kata Center Cowork Phuket
phuket	laguna-coworking-phuket	COWORKING	Laguna Coworking Phuket
phuket	kata-noi-beach-phuket	NATURE	Kata Noi Beach Phuket
siem-reap	raffles-grand-hotel-angkor-siem-reap	ACCOMMODATION	Raffles Grand Hotel d'Angkor
siem-reap	amansara-siem-reap	ACCOMMODATION	Amansara Siem Reap
siem-reap	park-hyatt-siem-reap	ACCOMMODATION	Park Hyatt Siem Reap
siem-reap	shinta-mani-wild-siem-reap	ACCOMMODATION	Shinta Mani Wild
siem-reap	the-siem-reap-hostel	ACCOMMODATION	The Siem Reap Hostel
siem-reap	claremont-angkor-boutique-siem-reap	ACCOMMODATION	Claremont Angkor Boutique Hotel
siem-reap	natura-villa-siem-reap	ACCOMMODATION	Natura Villa Siem Reap
siem-reap	onederz-hostel-siem-reap	ACCOMMODATION	Onederz Hostel Siem Reap
siem-reap	mad-monkey-siem-reap	ACCOMMODATION	Mad Monkey Siem Reap
siem-reap	siem-reap-pub-hostel	ACCOMMODATION	Siem Reap Pub Hostel
siem-reap	onederz-hostel-pub-street-siem-reap	ACCOMMODATION	Onederz Hostel Pub Street
siem-reap	monkey-republic-siem-reap	ACCOMMODATION	Monkey Republic Siem Reap
siem-reap	joma-bakery-cafe-siem-reap	CAFE	Joma Bakery Cafe Siem Reap
siem-reap	cafe-central-siem-reap	CAFE	Cafe Central Siem Reap
siem-reap	yellow-sub-cafe-siem-reap	CAFE	The Yellow Sub Cafe
siem-reap	sister-srey-cafe-siem-reap	CAFE	Sister Srey Cafe
siem-reap	blue-pumpkin-siem-reap	CAFE	Blue Pumpkin Siem Reap
siem-reap	footprint-cafes-siem-reap	CAFE	Footprint Cafes Siem Reap
siem-reap	cuisine-wat-damnak-siem-reap	FOOD	Cuisine Wat Damnak
siem-reap	malis-restaurant-siem-reap	FOOD	Malis Restaurant Siem Reap
siem-reap	sugar-palm-restaurant-siem-reap	FOOD	Sugar Palm Restaurant
siem-reap	haven-restaurant-siem-reap	FOOD	Haven Restaurant Siem Reap
siem-reap	khmer-kitchen-siem-reap	FOOD	The Khmer Kitchen
siem-reap	chanrey-tree-restaurant-siem-reap	FOOD	Chanrey Tree Restaurant
siem-reap	angkor-night-market-siem-reap	FOOD	Angkor Night Market
siem-reap	phsar-chas-old-market-siem-reap	FOOD	Phsar Chas (Old Market)
siem-reap	phsar-leu-central-market-siem-reap	FOOD	Phsar Leu (Central Market)
siem-reap	made-in-cambodia-market-siem-reap	FOOD	Made in Cambodia Market
siem-reap	kandal-village-market-siem-reap	FOOD	Kandal Village Market
siem-reap	angkor-wat-siem-reap	CULTURE	Angkor Wat
siem-reap	bayon-temple-siem-reap	CULTURE	Bayon Temple
siem-reap	ta-prohm-temple-siem-reap	CULTURE	Ta Prohm Temple
siem-reap	preah-khan-temple-siem-reap	CULTURE	Preah Khan Temple
siem-reap	tonle-sap-lake-siem-reap	NATURE	Tonle Sap Lake
siem-reap	banteay-srei-temple-siem-reap	CULTURE	Banteay Srei Temple
siem-reap	phnom-bakheng-sunset-siem-reap	CULTURE	Phnom Bakheng Sunset Temple
siem-reap	landmine-museum-siem-reap	CULTURE	Landmine Museum Siem Reap
siem-reap	phare-cambodian-circus-siem-reap	CULTURE	Phare Cambodian Circus
siem-reap	angkor-national-museum-siem-reap	CULTURE	Angkor National Museum
siem-reap	the-workshop-siem-reap	COWORKING	The Workshop Siem Reap
siem-reap	trybe-coworking-siem-reap	COWORKING	TRYBE Coworking Siem Reap
siem-reap	hubspace-siem-reap	COWORKING	Hubspace Siem Reap
siem-reap	siem-reap-coworking-space	COWORKING	Siem Reap Coworking Space
siem-reap	nomad-coworking-siem-reap	COWORKING	Nomad Coworking Siem Reap
siem-reap	angkor-hub-coworking-siem-reap	COWORKING	Angkor Hub Coworking
singapore	raffles-hotel-singapore	ACCOMMODATION	Raffles Hotel Singapore
singapore	marina-bay-sands-singapore	ACCOMMODATION	Marina Bay Sands Singapore
singapore	fullerton-hotel-singapore	ACCOMMODATION	The Fullerton Hotel Singapore
singapore	capella-singapore	ACCOMMODATION	Capella Singapore
singapore	the-pod-beach-road-singapore	ACCOMMODATION	The Pod @ Beach Road Singapore
singapore	wangz-hotel-singapore	ACCOMMODATION	Wangz Hotel Singapore
singapore	hotel-mono-singapore	ACCOMMODATION	Hotel Mono Singapore
singapore	bunc-at-radius-singapore	ACCOMMODATION	Bunc @ Radius Singapore
singapore	adler-hostel-singapore	ACCOMMODATION	Adler Hostel Singapore
singapore	rucksack-inn-singapore	ACCOMMODATION	Rucksack Inn Singapore
singapore	headz-inn-singapore	ACCOMMODATION	The Headz Inn Singapore
singapore	five-stones-hostel-singapore	ACCOMMODATION	Five Stones Hostel Singapore
singapore	papa-palheta-singapore	CAFE	Papa Palheta Singapore
singapore	curious-palette-singapore	CAFE	Curious Palette Singapore
singapore	chye-seng-huat-hardware-singapore	CAFE	Chye Seng Huat Hardware Singapore
singapore	tiong-bahru-bakery-singapore	CAFE	Tiong Bahru Bakery Singapore
singapore	maison-ikkoku-singapore	CAFE	Maison Ikkoku Singapore
singapore	nylon-coffee-roasters-singapore	CAFE	Nylon Coffee Roasters Singapore
singapore	les-amis-singapore	FOOD	Les Amis Singapore
singapore	hawker-chan-singapore	FOOD	Hawker Chan Hong Kong Soya Sauce Chicken
singapore	labyrinth-singapore	FOOD	Labyrinth Singapore
singapore	newton-food-centre-singapore	FOOD	Newton Food Centre Singapore
singapore	lau-pa-sat-singapore	FOOD	Lau Pa Sat Festival Market
singapore	burnt-ends-singapore	FOOD	Burnt Ends Singapore
singapore	chinatown-wet-market-singapore	FOOD	Chinatown Wet Market & Hawker Centre
singapore	tekka-centre-little-india-singapore	FOOD	Tekka Centre Little India Market
singapore	pasir-panjang-food-centre-singapore	FOOD	Pasir Panjang Food Centre
singapore	tiong-bahru-market-singapore	FOOD	Tiong Bahru Market Singapore
singapore	mustafa-centre-singapore	FOOD	Mustafa Centre Singapore
singapore	gardens-by-the-bay-singapore	NATURE	Gardens by the Bay Singapore
singapore	singapore-botanic-gardens	NATURE	Singapore Botanic Gardens
singapore	sentosa-island-singapore	CULTURE	Sentosa Island Singapore
singapore	haw-par-villa-singapore	CULTURE	Haw Par Villa Singapore
singapore	kampong-glam-heritage-singapore	CULTURE	Kampong Glam Heritage District
singapore	artscience-museum-singapore	CULTURE	ArtScience Museum Singapore
singapore	macritchie-reservoir-park-singapore	NATURE	MacRitchie Reservoir Park
singapore	national-museum-singapore	CULTURE	National Museum of Singapore
singapore	little-india-singapore	CULTURE	Little India Heritage Walk
singapore	wework-singapore-beach-road	COWORKING	WeWork Singapore Beach Road
singapore	the-great-room-singapore	COWORKING	The Great Room Singapore
singapore	collision-8-singapore	COWORKING	Collision 8 Singapore
singapore	found-8-singapore	COWORKING	Found 8 Singapore
singapore	the-hive-carpenter-singapore	COWORKING	The Hive Carpenter Singapore
singapore	justco-singapore	COWORKING	JustCo Singapore
singapore	sri-srinivasa-perumal-temple-singapore	CULTURE	Sri Srinivasa Perumal Temple Singapore
ubud	como-uma-ubud	ACCOMMODATION	COMO Uma Ubud
ubud	four-seasons-sayan-ubud	ACCOMMODATION	Four Seasons Resort Bali at Sayan
ubud	alaya-resort-ubud	ACCOMMODATION	Alaya Resort Ubud
ubud	komaneka-at-bisma-ubud	ACCOMMODATION	Komaneka at Bisma Ubud
ubud	nicks-hidden-cottages-ubud	ACCOMMODATION	Nick's Hidden Cottages Ubud
ubud	swasti-eco-cottages-ubud	ACCOMMODATION	Swasti Eco Cottages Ubud
ubud	munduk-moding-plantation-bali	ACCOMMODATION	Munduk Moding Plantation Bali
ubud	bisma-eight-ubud	ACCOMMODATION	Bisma Eight Ubud
ubud	kosta-ubud-hostel	ACCOMMODATION	Kosta Ubud Hostel
ubud	griya-sari-hostel-ubud	ACCOMMODATION	Griya Sari Hostel Ubud
ubud	ubud-backpacker-hostel	ACCOMMODATION	Ubud Backpacker Hostel
ubud	alune-retreat-hostel-ubud	ACCOMMODATION	Alune Retreat Hostel Ubud
ubud	seniman-coffee-studio-ubud	CAFE	Seniman Coffee Studio Ubud
ubud	anomali-coffee-ubud	CAFE	Anomali Coffee Ubud
ubud	zest-ubud-cafe	CAFE	Zest Ubud Cafe
ubud	clear-cafe-ubud	CAFE	Clear Cafe Ubud
ubud	motif-coffee-ubud	CAFE	Motif Coffee & Eatery Ubud
ubud	kafe-batan-waru-ubud	CAFE	Kafe Batan Waru Ubud
ubud	room4dessert-ubud	FOOD	Room4Dessert Ubud
ubud	locavore-ubud	FOOD	Locavore Ubud Restaurant
ubud	bebek-bengil-dirty-duck-ubud	FOOD	Bebek Bengil (Dirty Duck) Ubud
ubud	naughty-nuris-ubud	FOOD	Naughty Nuri's Warung Ubud
ubud	warung-babi-guling-ibu-oka-ubud	FOOD	Warung Babi Guling Ibu Oka Ubud
ubud	mozaic-restaurant-ubud	FOOD	Mozaic Restaurant Ubud
ubud	ubud-traditional-market	FOOD	Ubud Traditional Market (Pasar Ubud)
ubud	ubud-night-market	FOOD	Ubud Night Market
ubud	pasar-gianyar-night-market-ubud	FOOD	Pasar Gianyar Night Market
ubud	tegallalang-handicraft-centre-ubud	FOOD	Tegallalang Handicraft Centre
ubud	kumbasari-market-denpasar-ubud	FOOD	Kumbasari Market Denpasar
ubud	tegallalang-rice-terraces-ubud	NATURE	Tegallalang Rice Terraces Ubud
ubud	sacred-monkey-forest-ubud	NATURE	Sacred Monkey Forest Sanctuary Ubud
ubud	campuhan-ridge-walk-ubud	NATURE	Campuhan Ridge Walk Ubud
ubud	pura-tirta-empul-ubud	CULTURE	Pura Tirta Empul Temple Ubud
ubud	ubud-palace-puri-saren-agung	CULTURE	Ubud Palace (Puri Saren Agung)
ubud	goa-gajah-ubud	CULTURE	Goa Gajah (Elephant Cave) Ubud
ubud	mount-batur-sunrise-trek-ubud	NATURE	Mount Batur Sunrise Trek
ubud	neka-art-museum-ubud	CULTURE	Neka Art Museum Ubud
ubud	arma-museum-ubud	CULTURE	Agung Rai Museum of Art (ARMA) Ubud
ubud	hubud-coworking-ubud	COWORKING	Hubud Coworking Ubud
ubud	dojo-bali-coworking-canggu	COWORKING	Dojo Bali Coworking Canggu
ubud	outpost-ubud-coworking	COWORKING	Outpost Ubud Coworking
ubud	kumpul-coworking-ubud	COWORKING	Kumpul Coworking Ubud
ubud	ubud-hub-coworking	COWORKING	Ubud Hub Coworking
ubud	milk-madu-coworking-bali	COWORKING	Milk & Madu Seminyak Coworking
ubud	bali-spirit-festival-ubud	CULTURE	Bali Spirit Festival Grounds Ubud
ulaanbaatar	shangri-la-ulaanbaatar	ACCOMMODATION	Shangri-La Ulaanbaatar
ulaanbaatar	blue-sky-hotel-ulaanbaatar	ACCOMMODATION	The Blue Sky Hotel and Tower Ulaanbaatar
ulaanbaatar	kempinski-khan-palace-ulaanbaatar	ACCOMMODATION	Kempinski Hotel Khan Palace Ulaanbaatar
ulaanbaatar	ramada-ulaanbaatar-citycenter	ACCOMMODATION	Ramada Ulaanbaatar Citycenter
ulaanbaatar	golden-gobi-hotel-ulaanbaatar	ACCOMMODATION	Golden Gobi Hotel Ulaanbaatar
ulaanbaatar	zaya-hostel-hotel-ulaanbaatar	ACCOMMODATION	Zaya Hostel and Hotel Ulaanbaatar
ulaanbaatar	lotus-guesthouse-ulaanbaatar	ACCOMMODATION	Lotus Guesthouse Ulaanbaatar
ulaanbaatar	ub-guest-house-ulaanbaatar	ACCOMMODATION	UB Guest House Ulaanbaatar
ulaanbaatar	lg-guest-house-ulaanbaatar	ACCOMMODATION	LG Guest House Ulaanbaatar
ulaanbaatar	sunpath-mongolia-hostel	ACCOMMODATION	Sunpath Mongolia Hostel
ulaanbaatar	khaan-hostel-ulaanbaatar	ACCOMMODATION	Khaan Hostel Ulaanbaatar
ulaanbaatar	oasis-hostel-ulaanbaatar	ACCOMMODATION	Oasis Hostel Ulaanbaatar
ulaanbaatar	khaan-craft-beer-bar-ulaanbaatar	CAFE	Khaan Craft Beer Bar and Cafe Ulaanbaatar
ulaanbaatar	longitude-coffee-ulaanbaatar	CAFE	Longitude Coffee Ulaanbaatar
ulaanbaatar	luna-blanca-ulaanbaatar	CAFE	Luna Blanca Ulaanbaatar
ulaanbaatar	industrial-cafe-ulaanbaatar	CAFE	Industrial Cafe Ulaanbaatar
ulaanbaatar	rosewood-cafe-ulaanbaatar	CAFE	Rosewood Cafe Ulaanbaatar
ulaanbaatar	mars-bar-ulaanbaatar	CAFE	Mars Bar Ulaanbaatar
ulaanbaatar	modern-nomads-ulaanbaatar	FOOD	Modern Nomads Ulaanbaatar
ulaanbaatar	khyatad-mongolian-cuisine-ulaanbaatar	FOOD	Khyatad Mongolian Cuisine
ulaanbaatar	the-bull-steakhouse-ulaanbaatar	FOOD	The Bull Steakhouse Ulaanbaatar
ulaanbaatar	casablanca-restaurant-ulaanbaatar	FOOD	Casablanca Restaurant Ulaanbaatar
ulaanbaatar	bds-mongolian-grill-ulaanbaatar	FOOD	BD's Mongolian Grill Ulaanbaatar
ulaanbaatar	silk-road-restaurant-ulaanbaatar	FOOD	Silk Road Restaurant Ulaanbaatar
ulaanbaatar	naran-tuul-market-ulaanbaatar	FOOD	Naran Tuul Black Market Ulaanbaatar
ulaanbaatar	state-department-store-ulaanbaatar	FOOD	State Department Store Ulaanbaatar
ulaanbaatar	tsagaan-alt-cashmere-market-ulaanbaatar	FOOD	Tsagaan Alt Cashmere Market Ulaanbaatar
ulaanbaatar	televu-night-food-market-ulaanbaatar	FOOD	Televu Night Food Market Ulaanbaatar
ulaanbaatar	ikh-delguur-central-market-ulaanbaatar	FOOD	Ikh Delguur Central Market Ulaanbaatar
ulaanbaatar	gandan-monastery-ulaanbaatar	CULTURE	Gandan Monastery Ulaanbaatar
ulaanbaatar	national-museum-of-mongolia	CULTURE	National Museum of Mongolia Ulaanbaatar
ulaanbaatar	sukhbaatar-square-ulaanbaatar	CULTURE	Sukhbaatar Square Ulaanbaatar
ulaanbaatar	bogd-khan-mountain-national-park-ulaanbaatar	NATURE	Bogd Khan Mountain National Park
ulaanbaatar	zaisan-memorial-ulaanbaatar	CULTURE	Zaisan Memorial Ulaanbaatar
ulaanbaatar	winter-palace-bogd-khan-ulaanbaatar	CULTURE	Winter Palace of the Bogd Khan
ulaanbaatar	chinggis-khan-equestrian-statue-ulaanbaatar	CULTURE	Chinggis Khan Equestrian Statue
ulaanbaatar	choijin-lama-temple-museum-ulaanbaatar	CULTURE	Choijin Lama Temple Museum
ulaanbaatar	naadam-festival-grounds-ulaanbaatar	CULTURE	Naadam Festival Grounds Ulaanbaatar
ulaanbaatar	ulaanbaatar-coworking-space	COWORKING	Ulaanbaatar Coworking Space
ulaanbaatar	startup-mongolia-hub-ulaanbaatar	COWORKING	Startup Mongolia Hub Ulaanbaatar
ulaanbaatar	nomad-cowork-ulaanbaatar	COWORKING	Nomad Cowork Ulaanbaatar
ulaanbaatar	khan-bank-business-center-ulaanbaatar	COWORKING	Khan Bank Business Center Cowork Ulaanbaatar
ulaanbaatar	govi-cowork-ulaanbaatar	COWORKING	Govi Cowork Ulaanbaatar
ulaanbaatar	peace-avenue-office-hub-ulaanbaatar	COWORKING	Peace Avenue Office Hub Ulaanbaatar
ulaanbaatar	hustai-national-park-ulaanbaatar	NATURE	Hustai National Park Ulaanbaatar
xian	sofitel-legend-peoples-grand-xian	ACCOMMODATION	Sofitel Legend Peoples Grand Hotel Xian
xian	grand-mercure-renmin-square-xian	ACCOMMODATION	Grand Mercure on Renmin Square Xian
xian	hyatt-regency-xian	ACCOMMODATION	Hyatt Regency Xian
xian	wyndham-grand-xian-south	ACCOMMODATION	Wyndham Grand Xian South
xian	bell-tower-youth-hostel-xian	ACCOMMODATION	Bell Tower Youth Hostel Xian
xian	shuyuan-youth-hostel-xian	ACCOMMODATION	Shuyuan Youth Hostel Xian
xian	xian-backpacker-international-hostel	ACCOMMODATION	Xi'an Backpacker International Youth Hostel
xian	melody-hotel-xian	ACCOMMODATION	Melody Hotel Xian
xian	flying-tiger-hostel-xian	ACCOMMODATION	Flying Tiger Hostel Xian
xian	han-tang-inn-hostel-xian	ACCOMMODATION	Han Tang Inn Hostel Xian
xian	tang-west-market-hostel-xian	ACCOMMODATION	Tang West Market Hostel Xian
xian	xiangzi-inn-hostel-xian	ACCOMMODATION	Xiangzi Inn Hostel Xian
xian	defachang-dumpling-restaurant-xian	CAFE	Defachang Dumpling Restaurant Xian
xian	lao-liu-jia-paomo-xian	CAFE	Lao Liu Jia Paomo Xian
xian	yongxingfang-food-street-xian	CAFE	Yongxingfang Intangible Heritage Food Street
xian	kaiyuan-coffee-xian	CAFE	Kaiyuan Coffee Xian
xian	huxian-teahouse-xian	CAFE	Huxian Teahouse Xian
xian	beilin-museum-coffee-xian	CAFE	Beilin Museum Coffee Bar Xian
xian	muslim-quarter-night-market-xian	FOOD	Muslim Quarter Night Market Xian
xian	tongshengxiang-restaurant-xian	FOOD	Tongshengxiang Restaurant Xian
xian	jiasan-guantang-baozi-xian	FOOD	Jiasan Guantang Baozi Xian
xian	lao-sun-jia-muslim-restaurant-xian	FOOD	Lao Sun Jia Muslim Restaurant Xian
xian	xian-biangbiang-noodles-xiaomei	FOOD	Xian Biangbiang Noodles Xiaomei
xian	tang-palace-dumpling-banquet-xian	FOOD	Tang Palace Dumpling Banquet Xian
xian	yanta-muslim-market-xian	FOOD	Yanta Muslim Market Xian
xian	tang-west-market-xian	FOOD	Tang West Market Xian
xian	zhongxin-jiexin-night-market-xian	FOOD	Zhongxin Jiexin Night Market Xian
xian	shuyuanmen-culture-street-xian	FOOD	Shuyuanmen Culture Street Xian
xian	daxi-market-xian	FOOD	Daxi Market Xian
xian	terracotta-army-museum-xian	CULTURE	Terracotta Army Museum Xian
xian	ancient-city-wall-xian	CULTURE	Ancient City Wall Xian
xian	shaanxi-history-museum-xian	CULTURE	Shaanxi History Museum Xian
xian	big-wild-goose-pagoda-xian	CULTURE	Big Wild Goose Pagoda Xian
xian	bell-tower-drum-tower-xian	CULTURE	Xi'an Bell Tower and Drum Tower
xian	huaqing-palace-xian	CULTURE	Huaqing Palace Xian
xian	small-wild-goose-pagoda-xian	CULTURE	Small Wild Goose Pagoda and Tang Cultural Heritage Park
xian	sugarcode-innovation-cowork-xian	COWORKING	Sugarcode Innovation Cowork Xian
xian	nanmen-cowork-xian	COWORKING	Nanmen Cowork Xian
xian	wework-xian-greenland	COWORKING	WeWork Xian Greenland Center
xian	xian-university-district-cowork	COWORKING	Xi'an University District Cowork
xian	silk-road-cowork-xian	COWORKING	Silk Road Cowork Xian
xian	bell-tower-creative-hub-xian	COWORKING	Bell Tower Creative Hub Xian
xian	great-mosque-xian	CULTURE	Great Mosque of Xi'an (Huajue Lane)
xian	qianling-mausoleum-xian	CULTURE	Qianling Mausoleum
xian	hanyangling-museum-xian	CULTURE	Hanyangling Museum (Han Emperor's Mausoleum)
